{"cameraMode":{"drawMode":0,"name":"Shaded","section":"Shading Mode"},"sceneLighting":true,"audioPlay":false,"sceneViewState":{"m_AlwaysRefresh":false,"showFog":true,"showSkybox":true,"showFlares":true,"showImageEffects":true,"showParticleSystems":true,"showVisualEffectGraphs":true,"m_FxEnabled":true},"in2DMode":false,"pivot":{"x":-0.03887166082859039,"y":-7.837993621826172,"z":-0.20014333724975587},"rotation":{"x":0.0017234805272892118,"y":0.8528810739517212,"z":-0.5220965147018433,"w":0.0028152181766927244},"size":46.109249114990237,"orthographic":false}